file_name,target
2104569.jpg,0
2038418.jpg,1
1919810.jpg,2
2557340.jpg,0
3621562.jpg,1
1914702.jpg,2
3289316.jpg,2
616809.jpg,1
2490489.jpg,1
1761451.jpg,0
2957199.jpg,2
2011810.jpg,2
807247.jpg,2
233143.jpg,0
812349.jpg,0
1482489.jpg,1
690177.jpg,1
1717393.jpg,2
3280453.jpg,1
1226714.jpg,2
1143057.jpg,0
3312584.jpg,0
1832469.jpg,2
721383.jpg,0
1016217.jpg,1
544697.jpg,2
3479599.jpg,1
1336882.jpg,0
1115131.jpg,2
1839481.jpg,1
1995118.jpg,1
3727491.jpg,1
139987.jpg,0
764429.jpg,0
3430418.jpg,0
1170327.jpg,2
1878005.jpg,0
3264148.jpg,0
852186.jpg,2
3860002.jpg,0
228683.jpg,1
1844723.jpg,2
1018953.jpg,2
312479.jpg,0
998971.jpg,2
3191504.jpg,2
3293650.jpg,1
2114502.jpg,2
2513376.jpg,2
1544197.jpg,0
1646974.jpg,0
45517.jpg,2
3898047.jpg,0
2927833.jpg,1
3556871.jpg,1
2924941.jpg,0
2895265.jpg,2
2276783.jpg,0
2026009.jpg,0
1446129.jpg,2
2295454.jpg,2
790544.jpg,1
36042.jpg,1
830007.jpg,1
416067.jpg,0
2190404.jpg,2
3029755.jpg,2
1219039.jpg,1
2286639.jpg,1
3241894.jpg,1
96680.jpg,2
3882444.jpg,0
236098.jpg,2
1295457.jpg,1
3074367.jpg,1
349946.jpg,0
170336.jpg,2
480953.jpg,2
1168726.jpg,2
2176465.jpg,2
904856.jpg,1
3397336.jpg,0
2645893.jpg,2
2443168.jpg,1
285268.jpg,2
951953.jpg,0
625854.jpg,2
288200.jpg,2
1694874.jpg,0
2274117.jpg,0
215265.jpg,2
1371062.jpg,2
642844.jpg,2
3111722.jpg,2
2190018.jpg,0
1555813.jpg,2
502076.jpg,1
507773.jpg,2
3703769.jpg,0
1937872.jpg,1
483788.jpg,1
3742272.jpg,0
3675128.jpg,0
2711806.jpg,1
998005.jpg,0
447914.jpg,0
3042459.jpg,0
376417.jpg,0
3338748.jpg,2
3181171.jpg,2
2707814.jpg,0
1926876.jpg,2
1816235.jpg,1
1870865.jpg,0
2813454.jpg,2
1972463.jpg,1
886505.jpg,0
3557127.jpg,0
421476.jpg,1
906508.jpg,1
1595206.jpg,2
1835837.jpg,2
3868959.jpg,1
2722646.jpg,0
3456604.jpg,0
714991.jpg,0
2019344.jpg,2
1984271.jpg,1
132554.jpg,0
331860.jpg,1
1994775.jpg,2
1627703.jpg,1
1907782.jpg,2
2407770.jpg,1
80215.jpg,1
40947.jpg,1
1082384.jpg,1
30892.jpg,1
77209.jpg,2
1818014.jpg,0
3260624.jpg,1
2772358.jpg,1
2775763.jpg,0
2291643.jpg,2
489532.jpg,0
1623357.jpg,2
476421.jpg,0
3429826.jpg,2
2514432.jpg,1
377047.jpg,2
390178.jpg,2
700405.jpg,2
1403005.jpg,1
2519842.jpg,2
285045.jpg,1
234704.jpg,1
2615100.jpg,0
1565619.jpg,2
1572608.jpg,0
2412237.jpg,0
332231.jpg,0
31881.jpg,1
979110.jpg,1
1907039.jpg,1
285147.jpg,1
2135635.jpg,0
614236.jpg,0
153195.jpg,0
3393688.jpg,1
918506.jpg,0
3541033.jpg,1
2270794.jpg,2
227576.jpg,1
1895479.jpg,0
3020591.jpg,1
424994.jpg,2
53217.jpg,0
2365046.jpg,0
2187466.jpg,0
3879262.jpg,2
3737197.jpg,2
3758160.jpg,0
2994595.jpg,2
874288.jpg,0
1143725.jpg,2
3325565.jpg,2
1503858.jpg,0
3613455.jpg,1
134462.jpg,0
3203091.jpg,2
378397.jpg,1
1220156.jpg,0
93961.jpg,0
2881783.jpg,1
1877103.jpg,0
885571.jpg,1
90930.jpg,1
1879697.jpg,1
2856066.jpg,1
511818.jpg,2
3874537.jpg,2
2691461.jpg,1
568995.jpg,0
165964.jpg,1
1688838.jpg,0
806550.jpg,2
447557.jpg,1
3174637.jpg,0
12718.jpg,0
155981.jpg,2
1898723.jpg,0
647215.jpg,0
2587918.jpg,0
2885796.jpg,0
774142.jpg,0
218142.jpg,0
2394465.jpg,1
2901001.jpg,0
467563.jpg,2
1220727.jpg,2
141507.jpg,0
1173913.jpg,0
401979.jpg,0
3338774.jpg,0
3427699.jpg,0
2771149.jpg,1
3296507.jpg,0
391144.jpg,1
429304.jpg,1
823104.jpg,0
1245970.jpg,2
501446.jpg,2
232976.jpg,0
2039722.jpg,2
3555299.jpg,0
584916.jpg,2
2144308.jpg,1
1390308.jpg,0
2397868.jpg,0
2509962.jpg,2
2587921.jpg,0
83538.jpg,0
149174.jpg,2
3792514.jpg,1
395034.jpg,0
2044732.jpg,0
3548389.jpg,1
1264154.jpg,1
851006.jpg,2
400951.jpg,1
3168266.jpg,0
49286.jpg,2
2235981.jpg,0
482858.jpg,0
3475936.jpg,0
763924.jpg,2
2797464.jpg,2
170385.jpg,2
3512085.jpg,2
1539706.jpg,2
3030578.jpg,1
1343209.jpg,1
2432061.jpg,0
1207213.jpg,0
148595.jpg,1
430118.jpg,0
1633289.jpg,0
3643951.jpg,1
1678108.jpg,1
2752603.jpg,1
1780670.jpg,2
309892.jpg,0
146833.jpg,1
465494.jpg,1
2693258.jpg,2
1352260.jpg,2
552171.jpg,1
2382600.jpg,1
2229090.jpg,1
971934.jpg,0
664545.jpg,1
1413289.jpg,0
641266.jpg,2
360236.jpg,2
606820.jpg,1
1991586.jpg,0
465380.jpg,2
1660415.jpg,0
394590.jpg,0
2890573.jpg,1
46797.jpg,2
962785.jpg,0
1105700.jpg,0
1398213.jpg,0
576236.jpg,0
1553353.jpg,0
3297714.jpg,0
346091.jpg,0
2572958.jpg,0
250978.jpg,1
2216146.jpg,1
1915343.jpg,0
1955181.jpg,2
688994.jpg,2
3726352.jpg,2
1422524.jpg,2
1413972.jpg,1
2755373.jpg,2
1794566.jpg,1
2495884.jpg,1
443210.jpg,1
898843.jpg,0
3270423.jpg,2
2471646.jpg,0
2951831.jpg,0
1346387.jpg,1
379195.jpg,2
61822.jpg,0
1684438.jpg,1
1935858.jpg,2
900178.jpg,2
1625147.jpg,0
1289900.jpg,1
1333055.jpg,1
3281205.jpg,0
938821.jpg,0
3659371.jpg,2
2538000.jpg,1
1999711.jpg,0
1658186.jpg,1
966644.jpg,0
36641.jpg,2
1950499.jpg,0
2720223.jpg,2
813486.jpg,1
663285.jpg,0
2254705.jpg,1
761035.jpg,2
220910.jpg,0
576725.jpg,1
2224099.jpg,0
1433912.jpg,1
3753767.jpg,1
2819945.jpg,2
442757.jpg,1
1782666.jpg,2
3438319.jpg,1
1485536.jpg,2
2142812.jpg,0
922752.jpg,1
335474.jpg,0
395662.jpg,0
368644.jpg,0
238843.jpg,0
3138001.jpg,1
3102271.jpg,0
194976.jpg,2
2823872.jpg,1
100332.jpg,2
2425062.jpg,1
2763384.jpg,2
1288129.jpg,1
945662.jpg,2
2818805.jpg,1
413789.jpg,0
301603.jpg,2
60819.jpg,1
568383.jpg,0
2276476.jpg,1
384215.jpg,0
2988960.jpg,1
2163079.jpg,1
330182.jpg,1
1054420.jpg,0
807128.jpg,0
2871052.jpg,2
1053665.jpg,1
2165223.jpg,0
2034628.jpg,1
234626.jpg,1
2487306.jpg,1
670345.jpg,1
61656.jpg,0
415551.jpg,0
1598885.jpg,1
2274102.jpg,2
703909.jpg,1
393494.jpg,1
3029602.jpg,1
2308682.jpg,1
1777107.jpg,1
511665.jpg,2
121960.jpg,0
894858.jpg,2
2807888.jpg,1
3905395.jpg,1
1147883.jpg,1
1725269.jpg,2
2648423.jpg,1
2716993.jpg,1
3668264.jpg,2
767442.jpg,1
32666.jpg,0
1132999.jpg,2
3590238.jpg,2
1600179.jpg,1
3456440.jpg,0
1243215.jpg,0
1626195.jpg,2
194643.jpg,0
1008104.jpg,0
1060407.jpg,0
3536023.jpg,1
1068975.jpg,1
3140054.jpg,2
3292104.jpg,2
1714605.jpg,1
3693649.jpg,1
988559.jpg,2
2323447.jpg,2
456137.jpg,2
13719.jpg,1
199019.jpg,0
3653129.jpg,1
368162.jpg,1
1954998.jpg,2
953260.jpg,2
464388.jpg,0
2508316.jpg,0
878377.jpg,0
59445.jpg,0
1620560.jpg,0
3379038.jpg,0
3546278.jpg,0
1369628.jpg,2
656817.jpg,0
2078141.jpg,0
507005.jpg,2
2674351.jpg,0
68297.jpg,2
140016.jpg,0
2279642.jpg,0
13023.jpg,1
3020985.jpg,2
2971095.jpg,0
2957658.jpg,2
2603058.jpg,1
253127.jpg,0
2136662.jpg,1
3094354.jpg,1
2800107.jpg,2
274945.jpg,0
756655.jpg,1
2922019.jpg,0
1930318.jpg,2
2909031.jpg,1
3767773.jpg,0
6926.jpg,1
3528458.jpg,1
2010437.jpg,0
3005677.jpg,2
3790643.jpg,2
3326344.jpg,0
2903621.jpg,2
94385.jpg,2
2304021.jpg,0
2667255.jpg,0
266335.jpg,2
1425089.jpg,0
3784357.jpg,0
2512387.jpg,1
1092674.jpg,2
1044789.jpg,0
1941807.jpg,1
2003290.jpg,0
1232051.jpg,2
2907177.jpg,1
3755656.jpg,2
2893892.jpg,1
77677.jpg,0
1060699.jpg,2
2984311.jpg,1
3736065.jpg,1
1512557.jpg,0
184226.jpg,1
1209865.jpg,2
2961720.jpg,2
2404695.jpg,1
192330.jpg,2
705208.jpg,2
2774899.jpg,0
1288540.jpg,1
81607.jpg,2
1874088.jpg,1
1571074.jpg,0
537575.jpg,0
2490154.jpg,2
299535.jpg,0
381021.jpg,2
858157.jpg,2
765624.jpg,2
3089905.jpg,2
1743389.jpg,0
2576168.jpg,0
233964.jpg,1
1454741.jpg,2
1358203.jpg,2
979998.jpg,0
802348.jpg,1
857744.jpg,2
3434983.jpg,1
3683153.jpg,2
530620.jpg,2
3342039.jpg,0
3393898.jpg,0
2861000.jpg,1
3113772.jpg,1
2694223.jpg,0
2062248.jpg,1
863509.jpg,0
3837522.jpg,2
1778186.jpg,1
2606727.jpg,0
37284.jpg,2
2478221.jpg,0
2912290.jpg,1
314359.jpg,1
843815.jpg,2
1223284.jpg,0
355571.jpg,2
256592.jpg,1
265406.jpg,2
2723529.jpg,0
2175561.jpg,2
1539499.jpg,1
702165.jpg,0
2855844.jpg,0
955704.jpg,2
3734413.jpg,2
3894222.jpg,1
1912976.jpg,0
2393004.jpg,2
3247009.jpg,1
2505769.jpg,2
3917951.jpg,0
2478048.jpg,0
143453.jpg,0
2707522.jpg,1
358178.jpg,0
1319758.jpg,1
3324050.jpg,0
1179238.jpg,2
11297.jpg,0
2120484.jpg,2
87187.jpg,2
2320458.jpg,0
2560539.jpg,0
1499661.jpg,0
667309.jpg,0
3614525.jpg,0
1008144.jpg,0
1687143.jpg,0
2964732.jpg,1
3251688.jpg,2
928920.jpg,1
3294928.jpg,2
1677256.jpg,2
217250.jpg,1
2019441.jpg,0
3231982.jpg,2
468384.jpg,1
816729.jpg,0
3417789.jpg,1
985164.jpg,0
168879.jpg,0
2885050.jpg,0
595836.jpg,1
644867.jpg,1
1334264.jpg,2
2443498.jpg,0
567308.jpg,2
2211604.jpg,2
2989328.jpg,0
2785084.jpg,0
769781.jpg,2
866834.jpg,0
2110257.jpg,0
4592.jpg,2
1016390.jpg,2
393349.jpg,1
3554287.jpg,0
2490186.jpg,2
3191035.jpg,0
3787809.jpg,1
2032236.jpg,0
2081995.jpg,1
2025783.jpg,2
3713343.jpg,0
1421117.jpg,2
3767723.jpg,0
2755875.jpg,0
640024.jpg,1
2936477.jpg,1
3792053.jpg,2
3013185.jpg,1
45516.jpg,2
2692550.jpg,2
269396.jpg,0
668944.jpg,0
258547.jpg,2
382829.jpg,0
2487039.jpg,0
640539.jpg,1
138754.jpg,1
1285886.jpg,1
588739.jpg,1
1871498.jpg,0
213271.jpg,2
2690813.jpg,2
2456207.jpg,0
788315.jpg,0
1795747.jpg,2
336637.jpg,1
2019583.jpg,0
3442426.jpg,0
1617418.jpg,0
118394.jpg,2
3913912.jpg,0
3177743.jpg,2
2862562.jpg,1
1302563.jpg,1
1541672.jpg,1
3107996.jpg,2
2500292.jpg,1
650338.jpg,2
2300845.jpg,1
213644.jpg,2
512203.jpg,2
3913440.jpg,0
2980779.jpg,2
1189432.jpg,2
1593835.jpg,0
615413.jpg,2
2089860.jpg,2
91432.jpg,1
310820.jpg,2
492302.jpg,2
1183278.jpg,0
240435.jpg,1
2250611.jpg,0
3196721.jpg,0
8917.jpg,0
3663518.jpg,1
1012080.jpg,1
1888450.jpg,1
3611190.jpg,2
3396589.jpg,1
230121.jpg,2
219196.jpg,1
1958364.jpg,0
1318559.jpg,2
2157510.jpg,0
1302764.jpg,2
3919151.jpg,0
166823.jpg,0
3806282.jpg,2
282039.jpg,2
168006.jpg,1
1265335.jpg,0
2396291.jpg,1
381162.jpg,1
1379840.jpg,1
1636919.jpg,0
3640915.jpg,1
712149.jpg,0
739735.jpg,0
5900.jpg,2
248199.jpg,0
2164255.jpg,0
2501636.jpg,0
2817689.jpg,2
835871.jpg,1
2616735.jpg,2
2030393.jpg,2
3656702.jpg,2
1552504.jpg,2
1765452.jpg,2
1238583.jpg,2
592799.jpg,2
207578.jpg,2
2540511.jpg,2
638678.jpg,1
2446660.jpg,1
752203.jpg,1
367422.jpg,1
21802.jpg,2
1475479.jpg,0
3297938.jpg,1
3857508.jpg,1
2152906.jpg,2
106507.jpg,0
1811204.jpg,2
321832.jpg,2
477486.jpg,1
3036492.jpg,2
413325.jpg,1
1404080.jpg,2
3886015.jpg,2
45515.jpg,2
134369.jpg,1
888777.jpg,2
786409.jpg,1
2634094.jpg,2
20588.jpg,2
926414.jpg,1
1225389.jpg,1
937915.jpg,0
1507039.jpg,0
121940.jpg,2
2218680.jpg,0
547281.jpg,2
628628.jpg,1
1951130.jpg,0
746921.jpg,1
3113131.jpg,2
1423517.jpg,2
1806491.jpg,0
3326734.jpg,1
2035448.jpg,2
300869.jpg,0
1628861.jpg,1
966174.jpg,1
108310.jpg,1
2852301.jpg,0
286219.jpg,1
1165321.jpg,2
728020.jpg,1
3835895.jpg,1
3505182.jpg,0
1855045.jpg,2
773725.jpg,2
2720280.jpg,2
2971064.jpg,2
1130590.jpg,2
626170.jpg,0
1849542.jpg,1
131561.jpg,0
2628025.jpg,2
3048920.jpg,1
2036680.jpg,2
3002350.jpg,1
3724187.jpg,0
3045664.jpg,2
2035248.jpg,0
3100962.jpg,2
2570329.jpg,0
1451299.jpg,1
907107.jpg,1
163039.jpg,0
1098082.jpg,2
1212161.jpg,1
2534567.jpg,1
838344.jpg,1
102037.jpg,0
831681.jpg,1
2706403.jpg,1
3441506.jpg,2
2943601.jpg,1
452989.jpg,0
2291292.jpg,1
166435.jpg,2
1659357.jpg,2
1541390.jpg,2
2559804.jpg,2
929067.jpg,0
914741.jpg,2
2542065.jpg,0
2382016.jpg,0
3845083.jpg,0
344397.jpg,0
732986.jpg,1
302883.jpg,2
958929.jpg,2
843894.jpg,2
682201.jpg,0
2155735.jpg,0
803243.jpg,0
3576078.jpg,1
704161.jpg,0
1128334.jpg,2
1083380.jpg,0
913716.jpg,2
2040789.jpg,2
358045.jpg,1
2291093.jpg,0
1068516.jpg,1
185990.jpg,2
3727036.jpg,1
1063794.jpg,2
923772.jpg,1
569585.jpg,2
731414.jpg,2
1961025.jpg,1
2193535.jpg,1
2438557.jpg,2
2126352.jpg,0
1159797.jpg,0
347745.jpg,1
1907713.jpg,0
560503.jpg,1
141056.jpg,1
214728.jpg,0
1296836.jpg,2
3873655.jpg,1
168775.jpg,1
1398853.jpg,2
616055.jpg,2
672863.jpg,2
2928608.jpg,2
686426.jpg,2
1073711.jpg,2
2217956.jpg,0
3435358.jpg,1
2014717.jpg,0
1647351.jpg,1
1608115.jpg,2
1224859.jpg,2
15580.jpg,1
3660716.jpg,0
3534162.jpg,2
3185774.jpg,0
898119.jpg,0
593071.jpg,2
865839.jpg,2
3547166.jpg,1
1949644.jpg,0
3122752.jpg,2
3059843.jpg,1
1787505.jpg,1
857888.jpg,0
3426946.jpg,0
2577373.jpg,0
313851.jpg,1
309738.jpg,2
590142.jpg,1
54540.jpg,0
148765.jpg,0
549067.jpg,2
3497585.jpg,1
867610.jpg,1
379737.jpg,1
1453991.jpg,1
3609394.jpg,1
3830872.jpg,1
127029.jpg,1
550687.jpg,1
10380.jpg,1
3577732.jpg,1
1227636.jpg,2
3276572.jpg,2
1547580.jpg,2
296268.jpg,1
2949079.jpg,1
96293.jpg,2
2556273.jpg,0
3062369.jpg,1
677263.jpg,2
2285942.jpg,0
3873283.jpg,1
2146963.jpg,1
1670471.jpg,0
1636831.jpg,1
1900585.jpg,0
3391208.jpg,0
1029698.jpg,0
1826066.jpg,1
959901.jpg,0
3000811.jpg,2
2228322.jpg,0
200025.jpg,2
2458401.jpg,1
269460.jpg,2
167069.jpg,1
2782998.jpg,0
3896322.jpg,2
660900.jpg,1
2324994.jpg,1
2125877.jpg,1
268444.jpg,1
3663580.jpg,0
2535456.jpg,1
887831.jpg,2
3626704.jpg,2
239025.jpg,1
203450.jpg,1
2435316.jpg,1
1040878.jpg,0
1969596.jpg,1
1493169.jpg,1
326809.jpg,0
875262.jpg,0
3152136.jpg,2
1981348.jpg,0
2992605.jpg,0
961341.jpg,1
1094883.jpg,1
2844278.jpg,0
421859.jpg,2
216720.jpg,0
3705479.jpg,0
3488142.jpg,2
881859.jpg,2
96357.jpg,0
220341.jpg,1
593400.jpg,0
3128495.jpg,0
1107714.jpg,0
3574192.jpg,0
2811032.jpg,0
217996.jpg,1
666569.jpg,0
3223400.jpg,1
578929.jpg,2
927987.jpg,2
1902895.jpg,1
1443948.jpg,2
3421968.jpg,2
926416.jpg,2
2307638.jpg,1
2916967.jpg,1
285269.jpg,1
3392194.jpg,0
3754474.jpg,0
3018077.jpg,0
1120674.jpg,2
3479936.jpg,0
66183.jpg,1
248841.jpg,1
376625.jpg,0
2106501.jpg,2
417368.jpg,1
2906905.jpg,2
165639.jpg,1
1836888.jpg,0
307738.jpg,2
854150.jpg,1
2514438.jpg,0
3257589.jpg,2
281731.jpg,1
503589.jpg,1
2671508.jpg,0
1454995.jpg,0
1351631.jpg,0
1754536.jpg,2
2574453.jpg,2
183995.jpg,1
517902.jpg,0
2293453.jpg,0
821108.jpg,2
3346787.jpg,1
355715.jpg,1
1089334.jpg,0
1327567.jpg,1
3100476.jpg,1
1166047.jpg,1
725951.jpg,2
723084.jpg,2
2069289.jpg,1
149087.jpg,1
1310799.jpg,2
3531805.jpg,1
3766099.jpg,1
2112757.jpg,0
1925230.jpg,1
320570.jpg,0
1063569.jpg,2
3910117.jpg,0
1655630.jpg,0
3803923.jpg,2
3842125.jpg,1
687910.jpg,2
1654256.jpg,2
2529205.jpg,0
781280.jpg,2
300722.jpg,2
3162376.jpg,1
320658.jpg,1
3159818.jpg,1
3360232.jpg,2
3107839.jpg,2
356234.jpg,1
2101820.jpg,0
2631321.jpg,0
3364420.jpg,1
1248478.jpg,0
3387633.jpg,2
1772039.jpg,1
2561199.jpg,1
2233395.jpg,1
3116018.jpg,1
2005870.jpg,0
111051.jpg,0
1025041.jpg,2
2910418.jpg,1
229741.jpg,2
3813999.jpg,2
2738323.jpg,1
1929941.jpg,2
3629996.jpg,0
3207504.jpg,0
2276986.jpg,2
444064.jpg,1
3281494.jpg,0
268990.jpg,2
3869679.jpg,1
955466.jpg,1
3727103.jpg,2
704316.jpg,1
2549316.jpg,1
3042454.jpg,0
3460673.jpg,1
1595869.jpg,1
295491.jpg,1
1561928.jpg,2
448519.jpg,0
1588879.jpg,1
2980131.jpg,0
2693334.jpg,0
2606829.jpg,2
523535.jpg,1
2173084.jpg,1
2188452.jpg,0
3681024.jpg,2
2088195.jpg,1
3789299.jpg,2
2625330.jpg,1
277935.jpg,2
3392671.jpg,0
1810844.jpg,0
2741434.jpg,2
3859818.jpg,2
40762.jpg,1
625434.jpg,0
97656.jpg,1
1682496.jpg,1
733020.jpg,2
2149816.jpg,2
5445.jpg,2
1594097.jpg,0
2042975.jpg,1
1352319.jpg,1
759873.jpg,0
289822.jpg,1
3392649.jpg,0
720060.jpg,1
2032669.jpg,1
1213988.jpg,1
3438635.jpg,2
945791.jpg,1
2296393.jpg,0
3467289.jpg,2
2111981.jpg,0
23199.jpg,0
1353336.jpg,2
376382.jpg,2
2470671.jpg,0
1678284.jpg,0
2670327.jpg,2
1510496.jpg,2
3493457.jpg,0
1554720.jpg,2
129666.jpg,0
1849364.jpg,1
1013418.jpg,2
3464858.jpg,0
720302.jpg,2
3099645.jpg,1
1621763.jpg,1
2475366.jpg,1
2880804.jpg,0
829229.jpg,0
692632.jpg,2
2870405.jpg,0
1548239.jpg,1
839461.jpg,0
257295.jpg,2
2384694.jpg,2
3375083.jpg,0
143996.jpg,2
525041.jpg,1
57230.jpg,2
724290.jpg,0
438871.jpg,1
89197.jpg,0
128616.jpg,2
897300.jpg,0
1274725.jpg,1
1496347.jpg,2
1600999.jpg,2
3708711.jpg,2
2056702.jpg,2
3745515.jpg,1
2395127.jpg,1
3793314.jpg,0
104332.jpg,2
3388717.jpg,1
203831.jpg,0
2870921.jpg,2
1375640.jpg,1
1341510.jpg,2
191064.jpg,2
3226272.jpg,2
2868295.jpg,2
3000131.jpg,1
281578.jpg,2
771878.jpg,0
2271133.jpg,1
2602611.jpg,0
717350.jpg,0
2928643.jpg,1
82578.jpg,0
765750.jpg,2
141135.jpg,1
1231094.jpg,2
332557.jpg,1
3401767.jpg,0
3750472.jpg,1
3020376.jpg,0
1403881.jpg,1
1551817.jpg,2
290850.jpg,1
1962101.jpg,0
1702404.jpg,2
1680893.jpg,2
3494926.jpg,2
740090.jpg,1
3752362.jpg,1
3700079.jpg,1
2385227.jpg,2
1184849.jpg,2
1983405.jpg,1
976382.jpg,0
1829088.jpg,1
902211.jpg,1
979029.jpg,2
2036920.jpg,1
2550050.jpg,2
621419.jpg,2
2378406.jpg,2
1008844.jpg,0
1944600.jpg,0
115156.jpg,2
719108.jpg,2
1069629.jpg,0
3240540.jpg,2
3884441.jpg,2
2760475.jpg,1
678708.jpg,0
1591167.jpg,2
2020613.jpg,1
259449.jpg,0
1655183.jpg,2
710379.jpg,2
1202925.jpg,0
1168975.jpg,2
2801870.jpg,2
393658.jpg,0
3337370.jpg,0
2989645.jpg,1
168308.jpg,2
37384.jpg,1
938689.jpg,2
2002400.jpg,1
17704.jpg,2
1327667.jpg,1
2827154.jpg,0
3256974.jpg,0
1665654.jpg,0
2573392.jpg,1
1504421.jpg,0
914570.jpg,1
41250.jpg,2
3372616.jpg,1
780283.jpg,2
1771901.jpg,2
456718.jpg,2
3808946.jpg,2
273696.jpg,2
1342321.jpg,0
2965021.jpg,1
2700543.jpg,0
3570543.jpg,2
2315011.jpg,1
1194203.jpg,2
3425047.jpg,1
2881282.jpg,0
27415.jpg,1
472912.jpg,2
540882.jpg,0
1312761.jpg,0
1658443.jpg,1
195160.jpg,0
512768.jpg,2
1792128.jpg,1
1434806.jpg,2
1676252.jpg,2
911808.jpg,2
182069.jpg,2
976107.jpg,0
1152316.jpg,2
1839077.jpg,0
3403568.jpg,2
3644733.jpg,0
2467990.jpg,0
804684.jpg,1
424288.jpg,0
3920006.jpg,2
422261.jpg,0
329302.jpg,0
302102.jpg,2
144370.jpg,1
1573562.jpg,0
403431.jpg,0
270687.jpg,1
2072164.jpg,2
2726773.jpg,1
2541727.jpg,2
1621516.jpg,2
3514408.jpg,0
2138503.jpg,1
1688078.jpg,2
35676.jpg,2
2231356.jpg,0
287000.jpg,0
2832499.jpg,1
1882831.jpg,1
45573.jpg,2
808776.jpg,2
1806104.jpg,2
1172255.jpg,2
3315737.jpg,1
3536393.jpg,0
448592.jpg,2
1370319.jpg,0
2361812.jpg,1
2990023.jpg,0
306238.jpg,2
1057384.jpg,2
2944161.jpg,1
1257104.jpg,1
2240535.jpg,2
1649108.jpg,0
3401720.jpg,0
2779409.jpg,2
704859.jpg,2
2548974.jpg,1
902214.jpg,2
2966234.jpg,2
277963.jpg,0
2120972.jpg,2
1049459.jpg,1
2543207.jpg,0
625687.jpg,0
3191589.jpg,1
530489.jpg,2
1174196.jpg,2
398345.jpg,0
513842.jpg,1
2292986.jpg,0
2957342.jpg,2
506668.jpg,2
3334973.jpg,1
1796710.jpg,2
3820564.jpg,2
2247711.jpg,0
768276.jpg,0
1277864.jpg,2
1495879.jpg,2
3693710.jpg,0
1285298.jpg,0
1995655.jpg,2
66858.jpg,1
2159975.jpg,1
2385775.jpg,2
897488.jpg,2
534633.jpg,1
776184.jpg,1
1216787.jpg,2
636594.jpg,1
167716.jpg,2
2824517.jpg,1
59362.jpg,2
228778.jpg,0
3678290.jpg,0
1275885.jpg,0
2238681.jpg,1
2242224.jpg,2
2172600.jpg,1
999858.jpg,2
1378463.jpg,2
2099655.jpg,2
105070.jpg,2
3669673.jpg,0
2674024.jpg,2
745189.jpg,1
2451169.jpg,0
1718949.jpg,1
2732918.jpg,2
2966859.jpg,1
60633.jpg,1
1423515.jpg,0
1367035.jpg,1
561359.jpg,2
2425389.jpg,1
1231639.jpg,2
3830773.jpg,0
548408.jpg,2
2778335.jpg,2
387697.jpg,0
2513255.jpg,2
1484631.jpg,2
175626.jpg,0
99997.jpg,2
1333369.jpg,2
126345.jpg,1
54461.jpg,0
1208405.jpg,1
2821034.jpg,0
2328605.jpg,2
451413.jpg,2
1507019.jpg,0
184110.jpg,1
1368498.jpg,2
2486277.jpg,0
3518960.jpg,1
3530210.jpg,0
2140776.jpg,1
3135665.jpg,2
1476404.jpg,1
1869467.jpg,1
328965.jpg,0
2697971.jpg,0
564530.jpg,1
2398925.jpg,0
317206.jpg,1
714866.jpg,0
3621565.jpg,1
3060047.jpg,1
2092345.jpg,1
898303.jpg,0
3128952.jpg,1
479711.jpg,2
568994.jpg,2
2120573.jpg,2
1468829.jpg,2
543556.jpg,0
2629750.jpg,1
3092206.jpg,2
2412263.jpg,1
730464.jpg,1
1453227.jpg,2
1122280.jpg,2
1823263.jpg,1
160552.jpg,1
2944567.jpg,0
3261551.jpg,0
1899785.jpg,0
3313617.jpg,2
2353677.jpg,1
2421445.jpg,0
2939678.jpg,1
2592401.jpg,1
3803596.jpg,0
342164.jpg,2
3335345.jpg,2
6709.jpg,1
796922.jpg,0
665556.jpg,2
1325918.jpg,0
2403776.jpg,1
2825105.jpg,1
1084888.jpg,0
3577618.jpg,1
2078208.jpg,0
1890444.jpg,0
2361973.jpg,0
3772054.jpg,0
2605343.jpg,0
1296668.jpg,2
1067986.jpg,0
3486640.jpg,0
3352834.jpg,1
2718366.jpg,2
3049449.jpg,0
2365287.jpg,1
293433.jpg,0
133637.jpg,2
2583389.jpg,0
3382880.jpg,0
1165451.jpg,0
1774438.jpg,0
1022922.jpg,2
354513.jpg,1
3743286.jpg,1
419516.jpg,0
476333.jpg,1
920595.jpg,0
1697339.jpg,1
2017378.jpg,2
2948087.jpg,2
2402255.jpg,2
1994748.jpg,2
11662.jpg,2
2970648.jpg,2
3426958.jpg,2
2484823.jpg,1
1055065.jpg,0
1955774.jpg,2
39461.jpg,1
603976.jpg,2
1681043.jpg,0
2995169.jpg,1
1945132.jpg,1
2902766.jpg,0
2031970.jpg,2
2724554.jpg,1
1269020.jpg,2
3322162.jpg,2
1008941.jpg,0
3100563.jpg,1
709947.jpg,0
2641221.jpg,2
3763593.jpg,0
3826377.jpg,0
2628106.jpg,1
2232310.jpg,1
1683426.jpg,2
401701.jpg,0
2814314.jpg,1
2416569.jpg,2
3524429.jpg,1
1270986.jpg,0
1586894.jpg,2
221048.jpg,0
2331467.jpg,0
3324724.jpg,2
703556.jpg,1
2547797.jpg,1
2197749.jpg,2
1828050.jpg,0
368073.jpg,1
316574.jpg,2
1090122.jpg,1
1415873.jpg,1
3081962.jpg,2
1337814.jpg,1
3223601.jpg,1
3867460.jpg,1
175783.jpg,2
723745.jpg,0
669960.jpg,1
2574896.jpg,0
1737849.jpg,2
1432401.jpg,2
1342025.jpg,1
1872368.jpg,1
2639094.jpg,0
536535.jpg,1
2614649.jpg,1
2502234.jpg,0
1445608.jpg,0
1710569.jpg,1
327415.jpg,0
373847.jpg,0
3245533.jpg,1
3829392.jpg,1
461187.jpg,1
1098197.jpg,0
1687010.jpg,1
1245628.jpg,0
68684.jpg,0
669180.jpg,1
321090.jpg,1
620631.jpg,2
2158348.jpg,2
1048649.jpg,0
1326065.jpg,0
166134.jpg,2
1303005.jpg,2
3543883.jpg,2
340814.jpg,0
2015807.jpg,2
543691.jpg,1
1980167.jpg,0
2878151.jpg,1
3423192.jpg,2
2967846.jpg,0
110811.jpg,2
2090504.jpg,1
1232045.jpg,2
2021381.jpg,2
1267359.jpg,0
770268.jpg,2
765000.jpg,0
169318.jpg,0
2492287.jpg,0
1980749.jpg,0
2018173.jpg,1
3306627.jpg,1
398288.jpg,1
2441328.jpg,0
762788.jpg,0
72716.jpg,0
618348.jpg,0
952407.jpg,1
2860991.jpg,2
179165.jpg,0
2825100.jpg,1
926046.jpg,0
56240.jpg,1
1608000.jpg,0
280284.jpg,1
1624747.jpg,1
1968947.jpg,0
1259789.jpg,1
1930577.jpg,1
3623556.jpg,1
1375503.jpg,1
2172850.jpg,0
2651300.jpg,1
1032052.jpg,2
3766476.jpg,0
2619782.jpg,1
2668916.jpg,1
1531389.jpg,2
979955.jpg,0
1893538.jpg,2
3005365.jpg,2
2137341.jpg,0
420409.jpg,0
2865730.jpg,1
81104.jpg,2
2330965.jpg,0
2499157.jpg,2
1654444.jpg,0
1769465.jpg,2
864661.jpg,1
1714901.jpg,2
3621464.jpg,1
1203702.jpg,2
2568848.jpg,1
2012780.jpg,2
6261.jpg,1
1097980.jpg,0
669862.jpg,2
847477.jpg,1
3123167.jpg,2
2448944.jpg,2
2590819.jpg,2
771336.jpg,0
1752330.jpg,1
909848.jpg,2
1029831.jpg,2
3460754.jpg,2
3478964.jpg,0
6130.jpg,2
1273611.jpg,2
637374.jpg,1
3170114.jpg,0
1351372.jpg,1
1736543.jpg,1
2323548.jpg,2
2011264.jpg,1
82772.jpg,0
394049.jpg,0
3425999.jpg,0
3055981.jpg,2
331644.jpg,0
1245545.jpg,2
3288206.jpg,2
3704103.jpg,1
1706143.jpg,2
2235217.jpg,2
2406842.jpg,0
1575322.jpg,1
950411.jpg,2
252858.jpg,1
3268416.jpg,2
1421393.jpg,1
522323.jpg,2
2855315.jpg,1
3812039.jpg,1
1383396.jpg,2
697562.jpg,1
3653643.jpg,0
652004.jpg,0
262321.jpg,1
100135.jpg,1
3729167.jpg,0
1888136.jpg,2
3522209.jpg,1
3601483.jpg,1
3553911.jpg,1
1429127.jpg,2
1098844.jpg,1
3903517.jpg,1
1032351.jpg,2
34632.jpg,0
1335556.jpg,1
44449.jpg,0
271675.jpg,0
1881674.jpg,0
226472.jpg,0
3082120.jpg,1
1888911.jpg,0
2938151.jpg,1
3707493.jpg,1
3039549.jpg,0
2623508.jpg,2
1143615.jpg,2
835833.jpg,0
1868005.jpg,1
459522.jpg,1
964994.jpg,2
3835320.jpg,2
665900.jpg,0
2056627.jpg,1
38442.jpg,1
2077577.jpg,1
1598345.jpg,1
14145.jpg,2
930553.jpg,0
2301105.jpg,0
2290605.jpg,2
1899562.jpg,0
1524655.jpg,0
741491.jpg,0
1080963.jpg,2
1247645.jpg,0
979933.jpg,0
1190808.jpg,1
1179703.jpg,0
735441.jpg,1
2775476.jpg,2
3610011.jpg,2
1032754.jpg,0
2884233.jpg,1
2357.jpg,2
2437268.jpg,1
